Sites,Source,Type,Classification,Power in MWe,Power in MWt,Thermal Transfer Efficiency,MSL in MWe,MSL_turb in MWe,Thermal Efficiency,MDT in hours,Ramp Rate (fraction of capacity/hr),Ramp Rate (MW/hr),Initial Generation Above Min (MWe),Outlet Temp (C),Working Fluid Penalty,Working Fluid Temp (C),CAPEX $/kWe,FOPEX $/kWe,Max Modules,VOM in $/MWh-e,FC in $/MWh-e,Effective VOC in $/MWh-e,Effective HVOC in $/MWh-t,Startupfixedcost in $
NuScale-PWR,IAEA2024,PWR,Water-Cooled Land,77.0,250,0.99,15.4,7.7,0.308,20,0.4,30.8,38.5,302,1.0,302,5535,115,12,0.75,9.0,9.75,3.0,38500
ACP100,IAEA2024,PWR,Water-Cooled Land,125.0,385,0.99,25.0,12.5,0.325,20,0.4,50.0,50.0,302,1.0,302,5800,120,12,0.8,9.5,10.3,3.2,40000
CAREM-25,IAEA2024,PWR,Water-Cooled Land,30.0,100,0.99,6.0,3.0,0.3,20,0.3,9.0,12.0,326,0.93,302,7200,180,12,0.9,11.0,11.9,4.0,45000
RITM-200N,IAEA2024,PWR,Water-Cooled Land,55.0,150,0.99,11.0,5.5,0.367,20,0.5,27.5,22.0,316,0.96,302,6200,150,12,0.8,10.0,10.8,3.6,42000
Rolls-Royce-SMR,IAEA2024,PWR,Water-Cooled Land,470.0,1358,0.99,94.0,47.0,0.346,20,0.4,188.0,188.0,322,0.94,302,4500,95,12,0.65,8.5,9.15,2.85,35000
Xe-100,IAEA2024,HTGR,High-Temp Gas,82.5,200,0.99,16.5,8.25,0.413,20,0.6,49.5,33.0,750,0.66,565,4569,100,12,0.5,12.0,12.5,5.15,50000
HTR-PM,IAEA2024,HTGR,High-Temp Gas,210.0,500,0.99,42.0,21.0,0.42,20,0.4,84.0,84.0,750,0.75,563,5800,120,12,0.4,11.5,11.9,5.0,55000
MHR-100,IAEA2024,HTGR,High-Temp Gas,87.0,215,0.99,17.4,8.7,0.405,20,0.5,43.5,34.8,850,0.66,565,5200,110,12,0.45,11.8,12.25,5.08,52000
GT-MHR,IAEA2024,HTGR,High-Temp Gas,288.0,600,0.99,57.6,28.8,0.48,20,0.4,115.2,115.2,850,0.66,565,4800,100,12,0.4,11.0,11.4,4.75,50000
IMSR,IAEA2024,MSR,Molten Salt,195.0,442,0.99,39.0,19.5,0.441,20,0.5,97.5,78.0,704,0.81,565,4200,90,12,0.6,10.0,10.6,4.67,48000
Moltex-SSR-W,IAEA2024,MSR,Molten Salt,100.0,250,0.99,20.0,10.0,0.4,20,0.6,60.0,40.0,650,0.87,565,4500,95,12,0.55,10.5,11.05,4.85,49000
ARC-100,IAEA2024,LMFR,Fast Spectrum,100.0,286,0.99,20.0,10.0,0.35,20,0.8,80.0,40.0,510,0.88,450,4800,95,12,0.5,9.5,10.0,4.0,52000
Natrium,IAEA2024,LMFR,Fast Spectrum,345.0,840,0.99,69.0,34.5,0.411,20,0.6,207.0,138.0,540,0.83,450,4200,85,12,0.45,9.0,9.45,3.85,50000
eVinci,IAEA2024,HeatPipe,Microreactor,5.0,15,0.99,1.0,0.5,0.333,20,1.0,5.0,2.0,685,0.66,450,12000,300,12,1.0,15.0,16.0,5.33,60000
MMR,IAEA2024,HTGR,Microreactor,15.0,45,0.99,3.0,1.5,0.333,20,1.0,15.0,6.0,680,0.66,450,10902,264,12,0.5,11.5,12.0,36.04,33500
Aurora,IAEA2024,Fast Spectrum,Microreactor,1.5,5,0.99,0.3,0.15,0.3,20,1.0,1.5,0.75,550,0.818,450,15000,400,12,2.0,18.0,20.0,66.67,112500