Date,Hashrate (PH/s),Shares Efficiency,Uptime,Workers count,Price (BTC/PH/s/Day),Price (USD/PH/s/Day),Miner Revenue (BTC),BTC/USD Price
2024-09-21,,,,,,,,
2024-09-22,1.96,99.79%,24.72%,100,0.00068742,43.29,0.00128922,"$62,974.60"
2024-09-23,3.82,97.94%,49.97%,100,0.00068732,43.66,0.00256292,"$63,522.09"
2024-09-24,7.61,98.96%,92.89%,100,0.00069007,43.84,0.00511523,"$63,529.79"
2024-09-25,6.72,99.24%,81.18%,100,0.00069451,44.27,0.00455112,"$63,742.78"
2024-09-26,7.54,98.68%,93.55%,100,0.00072254,46.45,0.00530892,"$64,287.10"
2024-09-27,6.21,99.46%,78.19%,100,0.00072845,47.81,0.00442835,"$65,632.51"
2024-09-28,7.79,99.75%,92.30%,100,0.00072975,47.99,0.00550898,"$65,762.25"
2024-09-29,7.37,99.67%,87.83%,100,0.00072445,47.62,0.00520639,"$65,732.62"
2024-09-30,6.85,99.87%,82.63%,100,0.00072253,46.26,0.00484416,"$64,025.02"
2024-10-01,9.46,99.85%,64.34%,154,0.00072295,45.43,0.00661738,"$62,839.75"
2024-10-02,10.83,99.85%,74.14%,144,0.00072144,44.2,0.00765827,"$61,266.36"
2024-10-03,6.21,98.72%,45.30%,144,0.00072175,43.87,0.00435304,"$60,782.82"
2024-10-04,6.47,99.16%,46.74%,155,0.00072150,44.41,0.00455785,"$61,552.32"
2024-10-05,2.91,99.83%,24.79%,154,0.00072449,44.96,0.00203348,"$62,057.45"
2024-10-06,8.30,99.79%,40.32%,245,0.00072766,45.31,0.00588291,"$62,268.09"
2024-10-07,7.91,99.86%,94.36%,100,0.00072609,46.01,0.00559690,"$63,366.80"
2024-10-08,7.26,99.82%,90.29%,100,0.00073462,45.84,0.00543342,"$62,399.61"
2024-10-09,2.69,99.89%,32.09%,100,0.00071356,44.11,0.00192327,"$61,816.81"
2024-10-10,,,,,0.00071334,43.16,,"$60,504.11"
2024-10-11,0.08,99.78%,27.43%,2,0.00072748,44.75,0.00005840,"$61,513.72"
2024-10-12,0.22,99.80%,72.99%,2,0.00075844,47.72,0.00016547,"$62,918.62"
2024-10-13,0.69,99.72%,38.17%,21,0.00073427,46.05,0.00049202,"$62,715.35"
2024-10-14,0.69,99.73%,48.77%,18,0.00072251,46.8,0.00048391,"$64,774.19"
2024-10-15,,,,,0.00072038,47.6,,"$66,076.24"
2024-10-16,0.43,99.61%,31.58%,17,0.00072518,48.95,0.00030588,"$67,500.48"
2024-10-17,0.40,99.73%,27.54%,16,0.00079220,53.27,0.00029344,"$67,243.12"
2024-10-18,1.06,99.74%,88.01%,14,0.00073313,49.94,0.00075061,"$68,118.89"
2024-10-19,0.71,99.50%,61.99%,13,0.00071182,48.61,0.00049289,"$68,289.74"
2024-10-20,0.56,99.65%,46.71%,13,0.00070037,47.94,0.00038145,"$68,449.53"
2024-10-21,0.81,99.60%,74.46%,13,0.00070109,47.77,0.00055177,"$68,136.76"
2024-10-22,0.42,99.27%,38.93%,13,0.00071021,47.8,0.00028813,"$67,304.04"
2024-10-23,0.67,99.60%,59.59%,13,0.00069357,46.17,0.00045497,"$66,568.62"
2024-10-24,0.98,99.49%,88.02%,13,0.00069287,46.76,0.00066082,"$67,487.41"
2024-10-25,0.79,99.57%,68.77%,13,0.00073524,49.69,0.00056847,"$67,583.37"
2024-10-26,0.29,99.93%,96.39%,2,0.00068247,45.67,0.00019511,"$66,918.69"
2024-10-27,0.30,99.83%,96.74%,2,0.00066977,45.12,0.00019256,"$67,366.41"
2024-10-28,0.25,99.86%,80.56%,2,0.00066664,45.74,0.00016015,"$68,612.74"
2024-10-29,0.21,99.74%,16.55%,12,0.00067072,48.01,0.00013791,"$71,579.79"
2024-10-30,0.78,99.60%,79.79%,12,0.00066891,48.31,0.00050911,"$72,221.97"
2024-10-31,0.60,99.63%,63.18%,12,0.00074254,53.09,0.00039964,"$71,497.83"
2024-11-01,0.86,99.68%,82.79%,12,0.00067078,46.75,0.00055830,"$69,694.98"
2024-11-02,0.61,99.70%,59.46%,11,0.00066885,46.49,0.00040006,"$69,507.36"
2024-11-03,1.26,99.75%,55.56%,28,0.00066692,45.67,0.00081312,"$68,478.98"
2024-11-04,1.52,99.66%,67.30%,28,0.00066297,45.37,0.00098172,"$68,434.47"
2024-11-05,1.25,99.68%,58.03%,26,0.00062730,43.27,0.00076539,"$68,978.16"
2024-11-06,3.25,99.69%,56.20%,66,0.00062851,46.62,0.00198269,"$74,175.43"
2024-11-07,1.92,99.69%,34.66%,66,0.00062755,47.34,0.00118372,"$75,436.22"
2024-11-08,2.86,99.70%,55.63%,60,0.00062827,47.89,0.00174072,"$76,225.19"
2024-11-09,3.81,99.78%,51.28%,85,0.00063273,48.36,0.00233189,"$76,430.71"
2024-11-10,6.23,99.68%,92.47%,78,0.00063594,50.35,0.00384760,"$79,174.14"
2024-11-11,4.13,99.81%,59.38%,79,0.00063316,52.7,0.00255094,"$83,233.31"
2024-11-12,6.24,99.76%,88.03%,79,0.00064543,56.84,0.00391679,"$88,065.32"
2024-11-13,4.98,99.76%,70.95%,78,0.00064537,57.47,0.00313051,"$89,049.69"
2024-11-14,5.33,99.75%,70.49%,83,0.00065524,58.78,0.00339976,"$89,707.59"
2024-11-15,5.28,99.71%,45.12%,128,0.00065751,58.64,0.00337008,"$89,184.96"
2024-11-16,6.63,99.46%,52.35%,139,0.00066701,60.77,0.00425596,"$91,108.08"
2024-11-17,8.94,99.76%,86.11%,112,0.00063218,57.12,0.00550541,"$90,354.01"
2024-11-18,9.51,99.78%,84.75%,122,0.00063393,57.68,0.00586361,"$90,987.96"
2024-11-19,8.29,99.61%,77.90%,121,0.00064011,58.89,0.00518878,"$91,999.81"
2024-11-20,7.49,99.73%,68.88%,121,0.00064538,60.28,0.00467395,"$93,402.34"
2024-11-21,9.74,99.78%,90.70%,118,0.00064605,62.77,0.00611859,"$97,159.66"
2024-11-22,8.45,99.58%,65.07%,145,0.00063633,62.88,0.00523033,"$98,816.65"
2024-11-23,10.14,99.79%,81.12%,139,0.00064217,63.2,0.00632958,"$98,416.31"
2024-11-24,8.24,99.76%,68.31%,136,0.00063118,61.56,0.00508368,"$97,531.61"
2024-11-25,6.25,99.05%,46.59%,157,0.00062742,60.75,0.00379873,"$96,825.09"
2024-11-26,7.57,99.44%,48.16%,182,0.00063246,58.91,0.00465553,"$93,144.23"
2024-11-27,12.47,99.75%,82.50%,171,0.00063499,59.85,0.00770167,"$94,253.45"
2024-11-28,10.83,99.55%,84.75%,145,0.00063161,60.29,0.00666201,"$95,454.47"
2024-11-29,12.36,99.75%,95.04%,145,0.00063469,61.48,0.00764511,"$96,866.19"
2024-11-30,10.57,99.69%,81.63%,145,0.00063080,61.03,0.00650318,"$96,750.16"
2024-12-01,11.94,99.77%,95.25%,139,0.00062697,60.77,0.00728367,"$96,926.49"
2024-12-02,6.50,99.83%,52.38%,140,0.00064693,62.17,0.00410922,"$96,100.04"
2024-12-03,7.07,99.76%,59.74%,137,0.00062712,59.92,0.00428046,"$95,547.90"
2024-12-04,11.41,99.80%,94.15%,138,0.00062182,60.03,0.00691744,"$96,539.19"
2024-12-05,11.27,99.79%,91.67%,140,0.00062157,62.88,0.00682850,"$101,163.18"
2024-12-06,10.95,99.78%,89.88%,138,0.00062371,61.74,0.00668542,"$98,988.31"
2024-12-07,10.55,99.80%,88.26%,136,0.00063052,62.92,0.00644855,"$99,790.65"
2024-12-08,10.32,99.80%,95.50%,122,0.00062529,62.44,0.00628383,"$99,857.67"
2024-12-09,8.07,99.75%,71.19%,131,0.00062515,61.58,0.00491774,"$98,504.36"
2024-12-10,8.05,99.78%,90.36%,101,0.00062281,60.35,0.00488504,"$96,899.54"
2024-12-11,6.64,99.73%,69.05%,112,0.00062734,62.04,0.00405668,"$98,893.74"
2024-12-12,7.83,99.74%,80.05%,113,0.00063302,63.81,0.00483139,"$100,802.50"
2024-12-13,7.78,99.63%,88.29%,101,0.00062337,62.65,0.00472403,"$100,502.11"
2024-12-14,8.00,99.71%,85.51%,109,0.00062109,63.05,0.00484148,"$101,515.08"
2024-12-15,7.32,99.30%,83.30%,105,0.00061934,63.5,0.00442174,"$102,528.50"
2024-12-16,7.33,99.40%,74.96%,116,0.00059485,62.66,0.00424037,"$105,337.48"
2024-12-17,4.77,99.78%,49.34%,113,0.00059464,63.47,0.00277565,"$106,736.85"
2024-12-18,2.68,99.61%,87.20%,37,0.00059618,61.97,0.00155536,"$103,945.12"
2024-12-19,2.94,99.78%,77.22%,46,0.00059999,60.11,0.00171049,"$100,185.00"
2024-12-20,3.68,99.79%,96.65%,46,0.00060507,58.29,0.00213834,"$96,335.96"
2024-12-21,3.57,99.82%,93.00%,46,0.00059714,58.31,0.00207367,"$97,648.79"
2024-12-22,3.52,99.75%,91.04%,46,0.00059044,56.81,0.00202313,"$96,216.38"
2024-12-23,3.32,99.65%,91.29%,44,0.00059085,55.93,0.00191097,"$94,660.24"
2024-12-24,3.27,99.77%,88.14%,45,0.00059368,56.88,0.00188900,"$95,809.19"
2024-12-25,3.30,99.72%,87.94%,45,0.00059070,58.12,0.00190274,"$98,391.74"
2024-12-26,2.85,99.80%,76.93%,45,0.00058893,56.92,0.00163413,"$96,649.86"
2024-12-27,2.73,99.78%,72.99%,45,0.00058853,56.18,0.00156404,"$95,458.18"
2024-12-28,2.72,99.77%,94.63%,33,0.00058698,55.51,0.00155463,"$94,568.81"
2024-12-29,3.02,99.70%,71.29%,51,0.00058563,55.3,0.00172283,"$94,428.22"
2024-12-30,3.17,99.74%,90.20%,43,0.00058150,54.25,0.00179664,"$93,293.21"
2024-12-31,3.15,99.74%,87.20%,44,0.00057997,54.29,0.00177817,"$93,608.29"
2025-01-01,2.48,99.75%,69.82%,43,0.00058059,54.45,0.00140284,"$93,783.91"
2025-01-02,3.12,99.71%,91.68%,41,0.00057836,55.63,0.00175942,"$96,185.77"
2025-01-03,2.97,99.69%,74.67%,48,0.00057965,56.35,0.00167714,"$97,213.84"
2025-01-04,2.69,99.68%,64.38%,51,0.00058016,56.86,0.00152684,"$98,007.45"
2025-01-05,2.14,99.88%,60.83%,42,0.00057984,56.86,0.00129653,"$98,061.53"
2025-01-06,2.79,100.00%,78.89%,41,0.00057974,58.08,0.00157494,"$100,182.84"
2025-01-07,2.27,100.00%,67.72%,38,0.00058259,58.2,0.00128849,"$99,898.73"
2025-01-08,2.51,100.00%,71.20%,41,0.00058316,55.67,0.00142517,"$95,462.65"
2025-01-09,2.23,99.82%,59.68%,42,0.00058310,54.48,0.00130496,"$93,431.66"
2025-01-10,2.97,99.76%,82.47%,42,0.00058085,54.73,0.00168076,"$94,223.98"
2025-01-11,2.81,99.72%,82.36%,41,0.00058083,54.81,0.00159164,"$94,364.96"
2025-01-12,2.04,99.75%,57.97%,41,0.00057834,54.65,0.00114963,"$94,494.59"
2025-01-13,2.26,99.78%,61.35%,42,0.00057619,53.58,0.00126488,"$92,990.16"
2025-01-14,2.65,99.76%,78.15%,40,0.00057872,55.48,0.00149452,"$95,866.74"
2025-01-15,2.90,99.80%,79.08%,43,0.00057727,56.61,0.00163213,"$98,065.03"
2025-01-16,2.82,99.82%,88.82%,38,0.00057965,57.69,0.00159308,"$99,525.58"
2025-01-17,3.06,99.63%,73.49%,51,0.00058039,59.67,0.00172458,"$102,810.18"
2025-01-18,3.17,99.54%,81.32%,48,0.00057841,60.02,0.00178842,"$103,767.22"
2025-01-19,3.05,99.60%,78.74%,48,0.00057720,60.36,0.00171992,"$104,573.80"
2025-01-20,2.60,99.69%,68.38%,46,0.00057944,60.59,0.00146560,"$104,566.48"
2025-01-21,2.83,99.66%,76.05%,46,0.00058564,60.82,0.00161518,"$103,852.20"
2025-01-22,2.41,99.15%,66.23%,46,0.00058055,60.9,0.00136214,"$104,900.53"
2025-01-23,2.50,99.36%,70.43%,45,0.00057774,59.64,0.00140830,"$103,229.83"
2025-01-24,2.53,99.64%,73.56%,43,0.00057770,60.69,0.00142295,"$105,054.53"
2025-01-25,2.32,99.69%,68.52%,41,0.00057811,60.52,0.00130335,"$104,685.96"
2025-01-26,2.45,99.73%,69.48%,43,0.00057544,60.31,0.00137212,"$104,806.76"
2025-01-27,2.46,99.54%,71.28%,44,0.00058605,58.83,0.00140222,"$100,383.93"
2025-01-28,2.25,99.64%,67.76%,42,0.00058848,60.24,0.00128836,"$102,365.42"
2025-01-29,1.80,99.67%,57.61%,39,0.00058740,60.2,0.00103466,"$102,485.53"
2025-01-30,2.02,99.66%,65.75%,39,0.00058745,61.74,0.00115811,"$105,098.31"
2025-01-31,2.27,99.80%,71.71%,39,0.00058802,61.16,0.00129474,"$104,010.07"
2025-02-01,2.71,99.65%,81.76%,39,0.00058779,59.94,0.00154972,"$101,975.20"
2025-02-02,2.44,99.74%,77.33%,38,0.00058617,58.07,0.00139694,"$99,066.82"
2025-02-03,2.10,99.78%,65.79%,39,0.00058775,56.96,0.00120578,"$96,911.95"
2025-02-04,2.36,99.69%,68.65%,42,0.00058873,58.5,0.00135422,"$99,366.43"
2025-02-05,2.39,98.77%,75.71%,40,0.00058906,57.6,0.00137152,"$97,782.91"
2025-02-06,2.46,99.43%,76.60%,41,0.00058811,57.34,0.00140850,"$97,498.77"
2025-02-07,2.39,99.67%,76.17%,40,0.00058793,57.22,0.00136991,"$97,324.51"
2025-02-08,1.77,99.65%,71.74%,32,0.00058681,56.52,0.00101489,"$96,317.38"
2025-02-09,1.72,99.74%,90.61%,24,0.00056773,54.82,0.00095198,"$96,559.98"
2025-02-10,1.71,99.56%,72.64%,30,0.00055544,54,0.00092549,"$97,220.22"
2025-02-11,1.73,99.71%,74.13%,30,0.00055724,54.15,0.00094184,"$97,175.36"
2025-02-12,1.39,99.71%,49.61%,35,0.00055743,53.66,0.00075322,"$96,263.21"
2025-02-13,1.60,99.65%,54.50%,36,0.00055660,53.67,0.00086788,"$96,424.72"
2025-02-14,2.41,99.75%,79.18%,36,0.00055675,54.06,0.00130533,"$97,099.24"
2025-02-15,2.12,99.65%,76.74%,34,0.00055554,54.22,0.00114575,"$97,598.73"
2025-02-16,1.99,99.71%,75.57%,34,0.00055478,53.92,0.00107621,"$97,191.68"
2025-02-17,2.28,99.61%,81.67%,34,0.00055661,53.49,0.00123460,"$96,099.60"
2025-02-18,2.23,99.60%,80.99%,34,0.00055844,53.28,0.00121347,"$95,408.64"
2025-02-19,2.17,99.71%,77.33%,35,0.00055684,53.43,0.00117643,"$95,952.16"
2025-02-20,2.01,99.67%,71.63%,35,0.00055787,54.38,0.00109266,"$97,477.91"
2025-02-21,1.87,99.69%,69.38%,34,0.00055792,54.54,0.00102393,"$97,755.95"
2025-02-22,1.79,99.63%,62.94%,35,0.00055872,53.91,0.00092613,"$96,488.40"
2025-02-23,2.25,99.55%,53.34%,49,0.00056317,54.11,0.00123242,"$96,081.11"
2025-02-24,2.42,99.65%,40.75%,69,0.00058838,55.95,0.00133826,"$95,091.61"
2025-02-25,2.32,99.61%,58.82%,46,0.00058435,52.2,0.00132688,"$89,330.02"
2025-02-26,2.05,99.59%,65.66%,37,0.00058189,50.76,0.00116132,"$87,232.98"
2025-02-27,2.28,99.61%,70.87%,38,0.00058032,49.42,0.00131445,"$85,159.91"
2025-02-28,1.73,99.25%,50.88%,42,0.00057667,47.27,0.00097188,"$81,970.62"
2025-03-01,1.81,99.60%,58.11%,39,0.00057692,49.09,0.00102086,"$85,089.79"
2025-03-02,1.54,99.77%,68.37%,29,0.00057560,50.86,0.00086507,"$88,359.97"
2025-03-03,1.45,99.55%,67.86%,27,0.00057591,52.31,0.00081548,"$90,830.16"
2025-03-04,1.13,99.71%,51.90%,27,0.00057574,48.76,0.00063448,"$84,691.01"
2025-03-05,1.75,99.65%,48.62%,46,0.00057503,51.01,0.00097666,"$88,708.42"
2025-03-06,1.51,99.79%,36.82%,55,0.00057459,52.02,0.00084831,"$90,534.12"
2025-03-07,1.40,99.63%,43.30%,42,0.00057484,50.61,0.00078292,"$88,041.89"
2025-03-08,1.63,99.68%,53.57%,43,0.00057550,49.6,0.00091803,"$86,185.93"
2025-03-09,1.69,99.64%,59.89%,39,0.00057066,48.14,0.00094021,"$84,358.46"
2025-03-10,1.64,99.54%,57.75%,39,0.00056635,45.84,0.00090355,"$80,939.35"
2025-03-11,1.74,99.70%,61.49%,38,0.00056712,45.95,0.00096273,"$81,023.42"
2025-03-12,1.35,99.53%,53.20%,35,0.00056758,46.85,0.00075016,"$82,543.43"
2025-03-13,1.46,99.48%,53.03%,38,0.00056651,46.62,0.00080474,"$82,293.34"
2025-03-14,1.67,99.56%,60.92%,38,0.00056720,47.16,0.00091101,"$83,145.28"
2025-03-15,0.97,99.61%,37.02%,38,0.00056741,47.8,0.00054059,"$84,242.43"
2025-03-16,1.72,99.31%,36.44%,66,0.00056645,47.34,0.00095053,"$83,573.13"
2025-03-17,2.55,99.50%,64.28%,53,0.00056600,47.29,0.00139911,"$83,551.24"
2025-03-18,2.33,99.47%,58.45%,54,0.00056640,46.75,0.00128825,"$82,538.84"
2025-03-19,2.03,99.46%,49.03%,54,0.00056617,47.59,0.00112127,"$84,056.03"
2025-03-20,2.43,99.18%,62.38%,53,0.00056712,48.35,0.00134486,"$85,255.33"
2025-03-21,1.67,99.39%,45.14%,52,0.00056759,47.75,0.00092674,"$84,127.63"
2025-03-22,1.31,99.64%,48.73%,36,0.00056778,47.79,0.00072595,"$84,169.92"
2025-03-23,1.28,99.55%,50.43%,33,0.00056753,48.05,0.00070803,"$84,665.13"
2025-03-24,1.20,99.69%,48.71%,33,0.00055881,48.83,0.00065433,"$87,382.12"
2025-03-25,0.35,99.70%,29.17%,19,0.00056126,49.02,0.00019234,"$87,339.20"
2025-03-26,0.63,99.70%,58.85%,15,0.00056948,49.74,0.00034984,"$87,342.84"
2025-03-27,1.06,99.64%,27.15%,56,0.00056139,48.97,0.00057347,"$87,229.91"
2025-03-28,1.23,99.67%,40.76%,41,0.00055874,47.57,0.00066752,"$85,137.99"
2025-03-29,1.83,99.70%,54.76%,45,0.00055911,46.48,0.00099489,"$83,132.12"
2025-03-30,1.36,99.70%,42.96%,42,0.00055744,46.19,0.00074179,"$82,860.94"
2025-03-31,0.77,99.71%,37.87%,28,0.00055723,45.9,0.00041841,"$82,371.73"
2025-04-01,1.76,99.67%,45.63%,54,0.00055843,46.93,0.00095140,"$84,039.18"
2025-04-02,2.07,99.63%,47.58%,62,0.00055756,47.44,0.00112896,"$85,085.01"
2025-04-03,1.59,99.77%,34.99%,60,0.00055843,46.23,0.00086765,"$82,785.67"
2025-04-04,1.36,99.49%,32.91%,57,0.00055857,46.56,0.00073494,"$83,355.71"
2025-04-05,0.79,99.58%,18.85%,50,0.00054256,45.21,0.00042916,"$83,327.19"
2025-04-06,0.33,99.19%,22.99%,16,0.00052230,42.79,0.00016896,"$81,926.10"
2025-04-07,0.38,99.63%,25.95%,16,0.00052341,40.71,0.00019287,"$77,778.41"
2025-04-08,0.30,99.66%,21.40%,17,0.00052613,41.39,0.00015689,"$78,668.77"
2025-04-09,0.14,99.82%,9.93%,16,0.00052432,41.09,0.00007248,"$78,368.17"
2025-04-10,0.39,99.60%,9.72%,45,0.00052329,42.38,0.00019918,"$80,987.60"
2025-04-11,0.60,99.75%,20.32%,36,0.00052543,43.1,0.00030503,"$82,028.05"
2025-04-12,0.38,98.89%,12.19%,34,0.00052409,44.08,0.00019230,"$84,107.69"
2025-04-13,0.49,99.43%,23.46%,21,0.00052269,44.13,0.00025266,"$84,428.63"
2025-04-14,0.25,99.52%,14.56%,20,0.00052296,44.27,0.00012764,"$84,652.75"
2025-04-15,0.10,99.68%,6.45%,19,0.00052342,44.5,0.00005022,"$85,017.77"
2025-04-16,0.37,99.66%,22.11%,19,0.00052420,44.03,0.00018660,"$83,994.66"
2025-04-17,0.33,99.84%,58.77%,6,0.00052369,44.29,0.00017037,"$84,572.93"
2025-04-18,0.51,99.86%,26.06%,21,0.00052401,44.34,0.00025723,"$84,616.71"
2025-04-19,0.88,99.89%,40.73%,22,0.00051970,44.23,0.00044966,"$85,106.79"
2025-04-20,1.09,99.83%,54.92%,21,0.00051761,43.88,0.00054983,"$84,774.25"
2025-04-21,1.11,99.55%,44.27%,29,0.00051789,45.21,0.00055809,"$87,296.53"
2025-04-22,1.51,99.80%,59.10%,30,0.00051759,46.44,0.00076117,"$89,723.53"
2025-04-23,1.14,99.64%,48.95%,28,0.00051884,48.53,0.00057504,"$93,535.58"
2025-04-24,1.47,99.73%,66.52%,27,0.00052518,48.85,0.00075338,"$93,015.73"
2025-04-25,0.98,99.44%,49.14%,25,0.00051786,48.84,0.00049336,"$94,311.20"
2025-04-26,1.21,99.58%,55.92%,25,0.00051637,48.8,0.00060921,"$94,505.88"
2025-04-27,1.28,99.72%,59.04%,26,0.00051618,48.61,0.00064638,"$94,172.58"
2025-04-28,0.68,99.77%,43.77%,19,0.00051695,48.79,0.00034257,"$94,380.50"
2025-04-29,0.47,99.83%,30.89%,18,0.00051731,49.08,0.00023778,"$94,875.41"
2025-04-30,0.75,99.82%,58.49%,15,0.00051777,48.93,0.00037952,"$94,501.42"
2025-05-01,0.48,99.84%,34.96%,16,0.00051702,49.57,0.00023827,"$95,876.37"
2025-05-02,0.83,99.85%,65.10%,15,0.00051632,50.09,0.00041971,"$97,013.48"
2025-05-03,0.79,99.86%,64.34%,14,0.00051740,49.84,0.00039913,"$96,327.79"
2025-05-04,0.63,99.83%,66.97%,11,0.00053176,50.84,0.00032788,"$95,607.04"
2025-05-05,0.81,99.76%,57.13%,16,0.00053190,50.21,0.00041919,"$94,397.44"
2025-05-06,0.83,99.82%,67.09%,14,0.00053347,50.43,0.00042919,"$94,532.03"
2025-05-07,0.55,99.64%,44.34%,15,0.00053457,51.77,0.00028647,"$96,844.19"
2025-05-08,0.46,99.84%,36.88%,15,0.00053499,53.53,0.00024167,"$100,057.95"
2025-05-09,0.46,99.65%,32.02%,18,0.00053550,55.16,0.00024084,"$103,006.54"
2025-05-10,0.68,99.68%,48.50%,17,0.00053421,55.27,0.00035304,"$103,461.19"
2025-05-11,0.72,99.49%,53.10%,17,0.00053241,55.47,0.00037376,"$104,186.62"
2025-05-12,0.72,99.73%,56.56%,15,0.00053470,55.37,0.00037708,"$103,553.39"
2025-05-13,0.70,99.79%,55.66%,14,0.00054185,56,0.00036874,"$103,349.64"
2025-05-14,0.53,99.24%,36.05%,17,0.00053661,55.6,0.00027348,"$103,613.43"
2025-05-15,0.75,99.68%,59.35%,15,0.00053472,54.99,0.00038935,"$102,838.87"
2025-05-16,0.84,99.85%,64.96%,14,0.00053574,55.64,0.00043572,"$103,856.35"
2025-05-17,0.72,99.68%,56.51%,14,0.00053799,55.51,0.00037493,"$103,180.36"
2025-05-18,0.83,99.74%,65.76%,14,0.00052283,54.46,0.00042495,"$104,163.88"
2025-05-19,1.18,99.75%,37.11%,50,0.00052385,54.58,0.00059872,"$104,190.13"
2025-05-20,1.76,99.80%,60.07%,47,0.00052514,55.54,0.00089990,"$105,762.27"
2025-05-21,1.92,99.80%,67.05%,50,0.00052639,56.57,0.00097750,"$107,467.85"
2025-05-22,2.20,99.82%,68.30%,49,0.00052483,58.26,0.00112511,"$111,007.37"
2025-05-23,1.59,99.81%,48.77%,47,0.00052385,57.57,0.00081422,"$109,897.87"
2025-05-24,1.35,99.80%,41.39%,49,0.00052315,56.76,0.00068913,"$108,496.61"
2025-05-25,1.17,99.71%,36.67%,49,0.00052186,56.19,0.00059584,"$107,672.56"
2025-05-26,0.90,99.73%,32.48%,47,0.00052161,57.16,0.00045721,"$109,583.79"
2025-05-27,1.15,99.81%,36.46%,49,0.00052233,57.18,0.00057861,"$109,471.02"
2025-05-28,2.22,99.81%,61.08%,54,0.00052432,56.79,0.00113970,"$108,311.72"
2025-05-29,1.47,99.81%,45.83%,49,0.00052406,56.32,0.00074434,"$107,468.61"
2025-05-30,2.10,99.68%,63.97%,48,0.00052205,54.98,0.00106587,"$105,315.58"
2025-05-31,1.84,99.82%,61.70%,46,0.00050043,52.11,0.00089896,"$104,130.45"
2025-06-01,1.95,99.71%,40.67%,77,0.00049914,52.23,0.00094139,"$104,639.98"
2025-06-02,3.43,99.77%,57.54%,101,0.00049975,52.39,0.00167105,"$104,832.42"
2025-06-03,3.27,99.65%,57.28%,96,0.00050014,52.88,0.00158522,"$105,730.40"
2025-06-04,4.08,99.71%,73.14%,101,0.00050091,52.74,0.00199137,"$105,288.38"
2025-06-05,1.99,99.71%,37.74%,98,0.00050085,52.1,0.00097354,"$104,023.16"
2025-06-06,2.78,99.79%,52.72%,96,0.00050056,51.91,0.00135311,"$103,703.85"
2025-06-07,2.86,99.76%,52.74%,96,0.00049957,52.59,0.00139339,"$105,270.53"
2025-06-08,2.64,99.80%,46.78%,99,0.00049825,52.71,0.00127618,"$105,790.27"
2025-06-09,2.11,99.66%,37.41%,99,0.00049991,53.63,0.00102845,"$107,279.31"
2025-06-10,1.07,99.42%,21.29%,93,0.00050050,54.79,0.00053098,"$109,470.53"
2025-06-11,2.19,99.70%,39.96%,101,0.00049982,54.68,0.00106251,"$109,399.38"
2025-06-12,1.64,99.70%,30.82%,97,0.00050026,53.77,0.00079610,"$107,484.11"
2025-06-13,2.27,99.80%,41.38%,97,0.00050102,52.53,0.00111335,"$104,846.11"
2025-06-14,2.59,99.72%,47.01%,96,0.00050310,52.9,0.00126330,"$105,148.08"
2025-06-15,2.48,99.45%,45.87%,93,0.00050020,52.72,0.00120792,"$105,397.84"
2025-06-16,1.47,99.73%,28.93%,93,0.00050096,53.66,0.00072263,"$107,114.34"
2025-06-17,1.51,99.72%,28.95%,97,0.00050486,53.39,0.00074189,"$105,752.09"
2025-06-18,1.81,99.70%,38.00%,92,0.00050564,52.97,0.00088432,"$104,758.33"
2025-06-19,1.29,99.40%,25.07%,98,0.00050375,52.73,0.00064001,"$104,674.94"
2025-06-20,1.69,99.81%,31.72%,94,0.00050313,52.62,0.00082952,"$104,585.30"
2025-06-21,2.09,99.78%,40.29%,94,0.00050194,51.83,0.00101452,"$103,259.35"
2025-06-22,1.96,99.83%,39.51%,88,0.00050164,50.83,0.00096184,"$101,327.65"
2025-06-23,1.85,99.84%,36.66%,89,0.00050213,51.28,0.00091040,"$102,124.95"
2025-06-24,1.89,99.79%,38.26%,89,0.00050512,53.26,0.00092611,"$105,440.29"
2025-06-25,2.52,99.76%,57.23%,85,0.00050458,54,0.00124556,"$107,019.70"
2025-06-26,2.14,99.71%,40.23%,94,0.00050437,54.22,0.00104472,"$107,500.45"
2025-06-27,2.74,99.73%,58.60%,89,0.00050360,53.94,0.00134400,"$107,108.82"
2025-06-28,2.05,99.74%,43.22%,91,0.00050236,53.91,0.00100379,"$107,313.48"
2025-06-29,2.71,99.60%,56.53%,88,0.00053230,57.33,0.00139964,"$107,702.42"
2025-06-30,2.82,99.75%,58.96%,91,0.00054086,58.3,0.00149229,"$107,791.30"
2025-07-01,2.82,99.81%,57.33%,90,0.00054298,57.83,0.00148986,"$106,504.84"
2025-07-02,2.27,99.73%,47.03%,88,0.00054283,58.5,0.00120230,"$107,768.55"
2025-07-03,1.43,99.68%,32.06%,88,0.00054217,59.35,0.00076616,"$109,467.51"
2025-07-04,1.79,99.61%,38.92%,85,0.00054211,58.85,0.00093793,"$108,557.30"
2025-07-05,2.09,99.74%,45.80%,87,0.00054045,58.44,0.00110307,"$108,132.11"
2025-07-06,1.49,99.75%,31.26%,88,0.00054175,58.75,0.00078654,"$108,444.85"
2025-07-07,1.50,99.74%,31.85%,89,0.00054126,58.79,0.00079743,"$108,616.93"
2025-07-08,0.88,99.79%,32.76%,50,0.00054321,58.94,0.00046919,"$108,503.16"
2025-07-09,1.33,99.68%,27.13%,86,0.00054251,59.34,0.00070034,"$109,380.47"
2025-07-10,0.74,99.73%,14.62%,76,0.00054278,60.88,0.00039118,"$112,163.31"
2025-07-11,2.13,99.69%,45.88%,66,0.00054315,63.8,0.00112843,"$117,462.95"
2025-07-12,2.52,99.69%,41.46%,94,0.00051054,60.06,0.00124849,"$117,640.15"
2025-07-13,3.30,99.77%,45.14%,109,0.00050229,59.41,0.00161289,"$118,278.29"
2025-07-14,3.48,99.79%,55.01%,91,0.00050375,60.85,0.00170362,"$120,794.04"
2025-07-15,3.02,99.79%,48.21%,89,0.00050222,58.92,0.00148638,"$117,319.10"
2025-07-16,2.90,99.74%,51.87%,85,0.00050254,59.62,0.00141108,"$118,637.32"
2025-07-17,3.96,99.78%,63.79%,92,0.00050501,59.99,0.00194910,"$118,789.73"
2025-07-18,3.89,99.77%,71.20%,80,0.00050396,59.91,0.00191200,"$118,878.48"
2025-07-19,3.95,99.79%,73.73%,79,0.00050243,59.35,0.00193594,"$118,125.91"
2025-07-20,2.71,99.77%,48.13%,85,0.00050220,59.31,0.00133278,"$118,100.36"
2025-07-21,2.66,99.77%,46.60%,84,0.00050155,59.25,0.00130012,"$118,133.79"
2025-07-22,2.59,99.78%,45.76%,83,0.00050215,59.54,0.00126493,"$118,570.15"
2025-07-23,3.85,99.77%,70.24%,81,0.00050312,59.62,0.00188974,"$118,500.56"
2025-07-24,3.37,99.77%,59.40%,83,0.00050320,59.71,0.00164929,"$118,660.57"
2025-07-25,4.70,99.76%,62.73%,106,0.00050802,59.09,0.00231664,"$116,314.32"
2025-07-26,2.73,99.20%,36.59%,112,0.00049725,58.59,0.00133597,"$117,828.05"
2025-07-27,3.92,99.54%,49.90%,114,0.00049725,58.95,0.00188679,"$118,552.04"
2025-07-28,5.67,99.79%,76.76%,102,0.00049666,58.93,0.00274526,"$118,652.60"
2025-07-29,5.05,99.86%,72.12%,99,0.00049871,58.94,0.00245422,"$118,184.92"
2025-07-30,4.79,99.84%,72.02%,93,0.00049833,58.69,0.00233421,"$117,773.36"
2025-07-31,3.18,99.50%,48.01%,99,0.00049729,58.66,0.00154026,"$117,959.34"
2025-08-01,3.81,99.65%,54.63%,104,0.00049693,57.06,0.00183643,"$114,825.03"
2025-08-02,4.59,99.39%,47.61%,140,0.00049840,56.47,0.00223594,"$113,302.57"
2025-08-03,4.12,99.27%,49.48%,118,0.00049618,56.46,0.00198759,"$113,789.35"
2025-08-04,4.77,99.30%,63.40%,109,0.00049539,56.84,0.00230548,"$114,737.88"
2025-08-05,5.97,99.62%,72.40%,115,0.00049618,56.61,0.00288484,"$114,091.66"
2025-08-06,4.71,99.72%,61.70%,110,0.00049712,56.88,0.00226983,"$114,419.05"
2025-08-07,5.01,99.61%,61.67%,115,0.00049897,57.83,0.00243562,"$115,898.75"
2025-08-08,4.07,99.71%,45.89%,127,0.00049684,57.99,0.00197477,"$116,717.66"
2025-08-09,3.50,99.79%,49.30%,108,0.00049282,57.56,0.00167648,"$116,797.21"
2025-08-10,3.77,99.77%,63.46%,89,0.00049035,57.97,0.00181115,"$118,221.68"
2025-08-11,3.16,99.83%,57.14%,82,0.00048976,58.95,0.00150451,"$120,365.08"
2025-08-12,4.29,99.84%,76.74%,80,0.00049041,58.46,0.00205086,"$119,206.38"
2025-08-13,2.33,99.81%,48.56%,77,0.00048980,59.18,0.00111404,"$120,824.83"
2025-08-14,3.48,99.72%,67.74%,77,0.00048988,59,0.00166341,"$120,437.66"
2025-08-15,3.12,99.65%,60.01%,77,0.00049004,57.95,0.00148847,"$118,255.65"
2025-08-16,2.92,99.80%,63.35%,71,0.00048956,57.61,0.00139013,"$117,677.10"
2025-08-17,2.97,99.66%,55.37%,71,0.00048842,57.62,0.00141548,"$117,972.24"
2025-08-18,2.19,99.81%,72.49%,40,0.00048852,56.62,0.00104340,"$115,901.09"
2025-08-19,2.72,99.83%,54.77%,70,0.00048928,56.09,0.00129336,"$114,637.84"
2025-08-20,2.94,99.82%,62.24%,71,0.00048957,55.67,0.00140511,"$113,712.03"
2025-08-21,3.30,99.62%,64.03%,78,0.00048921,55.41,0.00157536,"$113,264.24"
2025-08-22,2.32,99.78%,52.10%,69,0.00048873,55.91,0.00110569,"$114,398.54"
2025-08-23,2.67,99.71%,58.29%,69,0.00048830,56.38,0.00126872,"$115,461.81"
2025-08-24,3.65,99.82%,79.72%,67,0.00048702,55.75,0.00173560,"$114,471.68"
2025-08-25,3.79,99.82%,88.19%,63,0.00048723,54.48,0.00179856,"$111,815.77"
2025-08-26,3.12,99.79%,67.81%,69,0.00048784,53.81,0.00148480,"$110,302.56"
2025-08-27,3.18,99.73%,68.37%,67,0.00048823,54.43,0.00151980,"$111,484.34"
2025-08-28,2.85,99.69%,58.98%,73,0.00048814,54.92,0.00135052,"$112,508.71"
2025-08-29,2.71,99.76%,57.02%,70,0.00048800,53.59,0.00128858,"$109,815.57"
2025-08-30,3.20,99.75%,73.84%,66,0.00048770,52.92,0.00152032,"$108,509.33"
2025-08-31,3.41,99.46%,74.63%,68,0.00048848,53.15,0.00161954,"$108,806.91"
2025-09-01,3.42,99.76%,74.01%,68,0.00048987,53.19,0.00163533,"$108,579.83"
2025-09-02,3.39,99.72%,69.71%,73,0.00049178,54.29,0.00162049,"$110,394.89"
2025-09-03,1.82,99.79%,47.24%,69,0.00049026,54.69,0.00087702,"$111,553.05"
2025-09-04,1.91,99.80%,40.27%,76,0.00049122,54.37,0.00090721,"$110,683.60"
2025-09-05,3.17,99.75%,71.24%,72,0.00047310,52.75,0.00146134,"$111,498.63"
2025-09-06,3.06,99.81%,71.04%,71,0.00046737,51.7,0.00143564,"$110,619.00"
2025-09-07,2.59,99.77%,58.90%,71,0.00046525,51.62,0.00117567,"$110,951.10"
2025-09-08,2.97,99.74%,61.87%,76,0.00046550,52.04,0.00134753,"$111,793.77"
2025-09-09,2.83,99.73%,66.81%,71,0.00046614,52.17,0.00128419,"$111,919.17"
2025-09-10,3.33,99.74%,71.58%,75,0.00046567,52.5,0.00150930,"$112,740.78"
2025-09-11,3.71,99.83%,72.81%,78,0.00046569,53.22,0.00168185,"$114,282.03"
2025-09-12,3.38,99.78%,70.25%,73,0.00046681,53.94,0.00154002,"$115,550.22"
2025-09-13,3.16,99.81%,64.41%,73,0.00046790,54.23,0.00143914,"$115,900.83"
2025-09-14,2.80,99.81%,61.83%,70,0.00046534,53.87,0.00126677,"$115,764.82"
2025-09-15,2.79,99.72%,65.89%,68,0.00046556,53.67,0.00126658,"$115,280.52"
2025-09-16,3.18,99.78%,71.66%,69,0.00046649,54.03,0.00144735,"$115,822.42"
2025-09-17,2.74,99.82%,65.49%,67,0.00046614,54.23,0.00124637,"$116,338.44"
2025-09-18,3.05,99.76%,68.06%,73,0.00045856,53.79,0.00136168,"$117,301.99"
2025-09-19,2.85,99.75%,59.96%,76,0.00044487,51.77,0.00123753,"$116,371.07"
2025-09-20,2.80,99.79%,62.85%,70,0.00044413,51.44,0.00121033,"$115,821.94"
2025-09-21,3.30,99.78%,76.95%,67,0.00044496,51.44,0.00143097,"$115,605.90"
2025-09-22,1.45,99.80%,34.95%,60,0.00044451,50.32,0.00063142,"$113,203.30"
2025-09-23,1.61,99.78%,38.20%,66,0.00044449,50.04,0.00069707,"$112,578.46"
2025-09-24,2.75,99.78%,75.12%,60,0.00044427,50.19,0.00118670,"$112,971.84"
2025-09-25,2.49,99.79%,66.46%,58,0.00044461,49.45,0.00108190,"$111,221.07"
2025-09-26,0.96,99.81%,68.78%,19,0.00044505,48.71,0.00041564,"$109,448.38"
2025-09-27,2.02,99.75%,55.34%,60,0.00044497,48.72,0.00087510,"$109,490.53"
2025-09-28,1.91,99.82%,54.13%,60,0.00044379,48.79,0.00082405,"$109,939.39"
2025-09-29,1.35,99.81%,36.00%,58,0.00044410,50.13,0.00058428,"$112,879.98"
2025-09-30,1.91,99.72%,55.67%,57,0.00044474,50.6,0.00082674,"$113,774.34"
2025-10-01,1.25,99.81%,37.12%,55,0.00044034,51.16,0.00052760,"$116,182.95"
2025-10-02,1.87,99.78%,54.49%,55,0.00042034,50.18,0.00076709,"$119,379.55"
2025-10-03,0.92,99.87%,76.73%,16,0.00042124,51.01,0.00037577,"$121,094.86"
2025-10-04,1.58,99.78%,50.38%,52,0.00042254,51.64,0.00064740,"$122,213.28"
2025-10-05,1.94,99.77%,61.89%,54,0.00041978,51.82,0.00079439,"$123,445.61"
2025-10-06,2.39,99.81%,75.13%,53,0.00041946,52.22,0.00097587,"$124,493.40"
2025-10-07,1.89,99.82%,61.44%,52,0.00042164,52,0.00077669,"$123,327.96"
2025-10-08,1.70,99.78%,54.76%,51,0.00042003,51.48,0.00069919,"$122,562.67"
2025-10-09,2.11,99.79%,51.30%,75,0.00042036,51.22,0.00085874,"$121,847.94"
2025-10-10,2.04,99.79%,42.08%,87,0.00042052,50.28,0.00083993,"$119,566.25"
2025-10-11,1.24,99.77%,52.92%,41,0.00042120,47.12,0.00051039,"$111,870.85"
2025-10-12,1.40,99.76%,45.99%,55,0.00041902,47.14,0.00057303,"$112,500.60"
2025-10-13,1.02,99.78%,29.64%,64,0.00041923,48.25,0.00042219,"$115,091.95"
2025-10-14,0.75,99.69%,23.84%,67,0.00041906,47.2,0.00029953,"$112,633.04"
2025-10-15,1.58,99.73%,51.68%,60,0.00041907,46.89,0.00064863,"$111,890.61"
2025-10-16,1.17,98.48%,40.03%,59,0.00042833,47.16,0.00048668,"$110,102.02"
2025-10-17,1.31,97.09%,48.29%,57,0.00043140,46.15,0.00055025,"$106,977.28"
2025-10-18,1.16,96.18%,44.56%,55,0.00043143,46.14,0.00049348,"$106,946.67"
2025-10-19,1.06,95.95%,43.39%,53,0.00043051,46.43,0.00044039,"$107,848.83"
2025-10-20,1.20,96.07%,36.71%,72,0.00043086,47.6,0.00050928,"$110,476.72"
2025-10-21,2.11,98.08%,37.83%,117,0.00043103,47.32,0.00088075,"$109,783.54"
2025-10-22,3.04,98.60%,42.85%,149,0.00043115,46.58,0.00127928,"$108,036.65"
2025-10-23,3.19,98.52%,36.45%,189,0.00043119,47.18,0.00133573,"$109,418.12"
2025-10-24,5.11,98.87%,60.68%,177,0.00043085,47.75,0.00214797,"$110,827.43"
2025-10-25,3.91,98.66%,47.30%,175,0.00043046,47.97,0.00165087,"$111,438.93"
2025-10-26,2.02,98.15%,43.88%,94,0.00043039,48.54,0.00084180,"$112,781.43"
2025-10-27,2.13,97.75%,47.73%,93,0.00043070,49.58,0.00089557,"$115,114.93"
2025-10-28,1.89,97.32%,32.86%,130,0.00043103,49.23,0.00078599,"$114,214.79"
2025-10-29,3.61,98.53%,59.10%,138,0.00041648,46.77,0.00145911,"$112,298.31"
2025-10-30,3.34,98.59%,47.98%,164,0.00040551,44.21,0.00132816,"$109,023.21"
2025-10-31,3.27,98.38%,58.08%,132,0.00040571,44.47,0.00129017,"$109,610.31"
2025-11-01,3.08,98.60%,51.56%,140,0.00040596,44.67,0.00121387,"$110,035.47"
2025-11-02,2.53,98.08%,42.66%,136,0.00040492,44.66,0.00100751,"$110,293.39"
2025-11-03,2.50,98.53%,47.53%,123,0.00040528,43.6,0.00098190,"$107,579.94"
2025-11-04,3.22,98.38%,60.57%,121,0.00040629,42.14,0.00128296,"$103,719.02"
2025-11-05,3.19,98.35%,53.01%,139,0.00040713,41.74,0.00126527,"$102,522.54"
2025-11-06,2.97,96.48%,50.89%,140,0.00040622,41.65,0.00116991,"$102,530.65"
2025-11-07,1.62,93.01%,23.73%,162,0.00040626,41.32,0.00064865,"$101,708.27"
2025-11-08,2.14,95.64%,37.97%,131,0.00040609,41.53,0.00084082,"$102,267.97"
2025-11-09,3.57,97.07%,63.68%,132,0.00040545,41.69,0.00141601,"$102,824.02"
2025-11-10,3.36,96.99%,51.35%,155,0.00040567,42.96,0.00132447,"$105,898.88"
2025-11-11,3.26,97.07%,43.88%,163,0.00040599,42.46,0.00128890,"$104,583.86"
2025-11-12,2.38,95.80%,32.56%,150,0.00040766,42.03,0.00094679,"$103,100.62"
2025-11-13,2.47,96.05%,33.65%,157,0.00041523,42.16,0.00100401,"$101,534.09"
2025-11-14,2.29,95.82%,59.99%,81,0.00041574,40.2,0.00092247,"$96,695.05"
2025-11-15,3.64,97.05%,52.17%,151,0.00041565,39.83,0.00147321,"$95,825.81"
2025-11-16,2.97,98.48%,45.64%,150,0.00041507,39.5,0.00120292,"$95,164.67"
2025-11-17,1.71,99.80%,55.75%,76,0.00041584,39.16,0.00069745,"$94,170.83"
2025-11-18,2.17,99.78%,65.11%,80,0.00041735,38.27,0.00088256,"$91,697.62"
2025-11-19,1.77,99.78%,57.74%,75,0.00041612,37.84,0.00071207,"$90,935.31"
2025-11-20,2.06,99.76%,65.36%,76,0.00041610,37.58,0.00084004,"$90,314.83"
2025-11-21,1.26,99.77%,41.72%,72,0.00041614,35.19,0.00050946,"$84,562.89"
2025-11-22,2.22,99.76%,71.72%,74,0.00041570,35.06,0.00089768,"$84,339.67"
2025-11-23,1.99,99.73%,61.35%,77,0.00041538,35.93,0.00080414,"$86,499.11"
2025-11-24,2.47,99.62%,69.84%,84,0.00041505,36.19,0.00099753,"$87,194.31"
2025-11-25,1.83,99.51%,60.74%,75,0.00041566,36.34,0.00074562,"$87,427.22"
2025-11-26,1.46,99.76%,49.70%,74,0.00041569,36.6,0.00058937,"$88,046.38"
2025-11-27,2.09,99.44%,65.05%,76,0.00042340,38.63,0.00086666,"$91,237.60"
2025-11-28,1.96,98.43%,61.19%,77,0.00042347,38.67,0.00080486,"$91,316.98"
2025-11-29,1.74,97.67%,55.36%,77,0.00042353,38.43,0.00071977,"$90,737.37"
2025-11-30,2.34,98.22%,74.67%,76,0.00042292,38.57,0.00096401,"$91,199.28"
2025-12-01,1.05,95.90%,35.30%,78,0.00042357,36.48,0.00043647,"$86,125.08"
2025-12-02,0.01,22.53%,26.71%,3,0.00042542,37.72,0.00000355,"$88,665.32"
2025-12-03,1.52,97.68%,49.16%,76,0.00042471,39.45,0.00062138,"$92,886.91"
2025-12-04,1.47,98.83%,44.52%,78,0.00042469,39.44,0.00061363,"$92,867.74"
2025-12-05,,,,,0.00042468,38.61,,"$90,915.51"
2025-12-06,0.68,99.74%,23.76%,75,0.00042396,37.97,0.00028037,"$89,560.34"
2025-12-07,,,,,0.00042291,37.95,,"$89,735.40"
2025-12-08,1.00,99.78%,34.07%,72,0.00042288,38.51,0.00040858,"$91,066.02"
2025-12-09,1.51,99.67%,51.66%,73,0.00042381,38.73,0.00062327,"$91,385.29"
2025-12-10,0.89,99.76%,29.87%,70,0.00042378,39.17,0.00037366,"$92,430.03"
2025-12-11,0.06,99.58%,3.45%,77,0.00042605,38.62,0.00002516,"$90,646.64"
2025-12-12,1.26,99.79%,42.43%,75,0.00042665,39.08,0.00052165,"$91,597.33"
2025-12-13,2.14,99.74%,66.32%,78,0.00042650,38.5,0.00088936,"$90,269.64"
2025-12-14,1.56,99.77%,54.02%,73,0.00042631,38.15,0.00065013,"$89,488.87"
2025-12-15,1.94,99.53%,63.14%,77,0.00042662,37.65,0.00080874,"$88,251.84"
2025-12-16,1.88,99.66%,63.56%,74,0.00042670,37.05,0.00078263,"$86,829.15"
2025-12-17,1.84,99.17%,59.77%,78,0.00042679,37.06,0.00075622,"$86,834.27"
2025-12-18,1.80,99.75%,61.98%,74,0.00042692,36.99,0.00074909,"$86,643.87"
2025-12-19,1.78,99.27%,62.06%,73,0.00042696,37.33,0.00074118,"$87,432.08"
2025-12-20,2.05,99.56%,64.31%,81,0.00042675,37.63,0.00085667,"$88,178.09"
2025-12-21,1.16,99.63%,42.05%,74,0.00042618,37.62,0.00048360,"$88,272.56"
2025-12-22,0.56,99.59%,21.51%,73,0.00042634,37.99,0.00023287,"$89,107.29"
2025-12-23,0.58,99.77%,21.56%,72,0.00042660,37.43,0.00023967,"$87,740.27"
2025-12-24,0.83,99.34%,28.55%,76,0.00042664,37.22,0.00034517,"$87,239.83"
2025-12-25,1.22,99.71%,44.27%,74,0.00042614,37.38,0.00050166,"$87,717.65"
2025-12-26,1.23,99.73%,50.62%,65,0.00042608,37.52,0.00051153,"$88,058.58"
2025-12-27,0.16,99.84%,6.49%,64,0.00042606,37.26,0.00007096,"$87,452.47"
2025-12-28,,,,,0.00042598,37.36,,"$87,703.65"
2025-12-29,,,,,0.00042619,37.57,,"$88,153.17"
2025-12-30,0.85,99.46%,37.41%,64,0.00042679,37.48,0.00035101,"$87,818.37"
2025-12-31,3.48,99.42%,25.30%,292,0.00042736,37.68,0.00143742,"$88,169.23"
2026-01-01,5.77,99.77%,49.04%,242,0.00042653,37.47,0.00240105,"$87,848.45"
2026-01-02,9.42,99.79%,78.65%,244,0.00042615,38.07,0.00391006,"$89,334.74"
2026-01-03,7.61,99.81%,64.34%,234,0.00042650,38.4,0.00316210,"$90,035.17"
2026-01-04,8.60,99.83%,74.90%,230,0.00042644,38.92,0.00357372,"$91,267.24"
2026-01-05,7.74,99.81%,65.05%,239,0.00042635,39.73,0.00322338,"$93,186.35"
2026-01-06,4.53,99.78%,65.43%,156,0.00042690,39.86,0.00189122,"$93,370.81"
2026-01-07,2.49,99.77%,51.69%,124,0.00042668,39.23,0.00103399,"$91,942.44"
2026-01-08,2.41,99.46%,64.70%,82,0.00042992,38.95,0.00101074,"$90,598.25"
2026-01-09,2.82,99.67%,72.17%,85,0.00043184,39.17,0.00118632,"$90,704.89"
2026-01-10,2.50,99.66%,67.62%,82,0.00043117,39.02,0.00105179,"$90,497.95"
2026-01-11,3.65,99.69%,63.08%,113,0.00043110,39.08,0.00152868,"$90,651.82"
2026-01-12,4.82,98.02%,54.74%,161,0.00043136,39.38,0.00202509,"$91,292.66"
2026-01-13,4.36,97.61%,50.85%,151,0.00043175,39.98,0.00183331,"$92,599.88"
2026-01-14,5.27,97.98%,68.28%,127,0.00043246,41.49,0.00222187,"$95,939.51"
2026-01-15,4.94,98.10%,72.82%,125,0.00043251,41.64,0.00208946,"$96,275.23"
2026-01-16,4.49,98.27%,57.17%,120,0.00043243,41.23,0.00189180,"$95,344.91"
2026-01-17,3.91,98.29%,83.36%,64,0.00043221,41.18,0.00164694,"$95,277.76"
2026-01-18,4.32,98.30%,56.97%,122,0.00043104,41,0.00181631,"$95,118.78"
2026-01-19,3.53,98.36%,48.34%,131,0.00043125,40.04,0.00148456,"$92,846.38"
2026-01-20,4.73,98.74%,61.77%,129,0.00043135,39.16,0.00198279,"$90,784.75"
2026-01-21,1.83,98.49%,38.42%,66,0.00043206,38.53,0.00077900,"$89,177.43"
2026-01-22,1.87,96.69%,38.64%,69,0.00043419,38.92,0.00079162,"$89,638.18"
2026-01-23,3.39,96.72%,60.96%,77,0.00044595,39.92,0.00147293,"$89,516.76"
2026-01-24,4.49,97.34%,54.00%,123,0.00044654,39.91,0.00195230,"$89,376.09"
2026-01-25,5.99,98.18%,78.98%,112,0.00044655,39.34,0.00260872,"$88,097.64"
2026-01-26,2.68,96.53%,39.93%,111,0.00044647,39.16,0.00117541,"$87,710.26"
2026-01-27,3.73,96.87%,36.27%,174,0.00044637,39.41,0.00161823,"$88,289.98"
2026-01-28,5.74,98.21%,61.81%,151,0.00044679,39.89,0.00248832,"$89,281.32"
2026-01-29,6.19,97.95%,65.15%,155,0.00044682,38.73,0.00269579,"$86,679.20"
2026-01-30,6.69,98.43%,72.17%,147,0.00044712,37.11,0.00291377,"$82,997.85"
2026-01-31,7.15,98.36%,80.49%,145,0.00044707,36.48,0.00311479,"$81,597.96"
2026-02-01,6.52,98.24%,69.87%,146,0.00044716,34.91,0.00285601,"$78,070.49"
2026-02-02,4.42,97.35%,46.71%,146,0.00044689,34.66,0.00191136,"$77,558.24"
2026-02-03,6.31,97.33%,59.76%,163,0.00044770,34.66,0.00275236,"$77,417.91"
2026-02-04,5.44,97.13%,56.71%,152,0.00044693,33.53,0.00237184,"$75,022.93"
2026-02-05,6.59,96.51%,66.18%,157,0.00044773,30.85,0.00287523,"$68,903.13"
2026-02-06,6.12,95.76%,66.60%,149,0.00045103,30.26,0.00268815,"$67,090.88"
2026-02-07,7.40,95.84%,79.58%,150,0.00047080,32.63,0.00338107,"$69,307.56"
2026-02-08,6.43,95.83%,74.17%,145,0.00050177,35.27,0.00314776,"$70,291.17"
2026-02-09,6.20,95.28%,74.11%,137,0.00050194,35.17,0.00303464,"$70,068.14"
2026-02-10,4.99,95.05%,54.81%,143,0.00050222,34.74,0.00244224,"$69,172.87"
2026-02-11,4.38,95.68%,74.21%,82,0.00050240,33.85,0.00214696,"$67,376.59"
2026-02-12,4.08,96.10%,68.84%,83,0.00050206,33.6,0.00199820,"$66,924.27"
2026-02-13,4.87,97.09%,72.60%,91,0.00050209,33.87,0.00238160,"$67,458.03"
2026-02-14,4.96,97.06%,84.99%,79,0.00050181,34.86,0.00242772,"$69,468.52"
2026-02-15,4.73,96.43%,80.36%,81,0.00050114,34.83,0.00231069,"$69,501.54"
2026-02-16,2.88,96.18%,37.65%,110,0.00050136,34.33,0.00140547,"$68,473.75"
2026-02-17,1.20,95.98%,20.33%,101,0.00050149,34.1,0.00059595,"$67,997.37"
2026-02-18,2.53,97.29%,37.40%,102,0.00050191,33.76,0.00122831,"$67,263.06"
2026-02-19,4.04,96.70%,53.03%,110,0.00048795,32.55,0.00191604,"$66,707.65"
2026-02-20,3.41,96.92%,46.03%,102,0.00043780,29.58,0.00146678,"$67,565.10"
2026-02-21,1.23,96.65%,22.16%,80,0.00043802,29.84,0.00051825,"$68,124.74"
2026-02-22,1.55,96.15%,31.86%,70,0.00043719,29.64,0.00066761,"$67,796.61"
2026-02-23,1.45,96.51%,29.86%,69,0.00043737,28.61,0.00061743,"$65,413.72"
2026-02-24,1.80,95.35%,33.57%,79,0.00043777,27.89,0.00076797,"$63,709.25"
2026-02-25,0.52,93.60%,11.23%,72,0.00043778,29.16,0.00022367,"$66,608.80"
2026-02-26,0.84,95.67%,17.31%,73,0.00043822,29.75,0.00035814,"$67,888.28"
2026-02-27,3.11,95.75%,56.87%,79,0.00043852,29.2,0.00132084,"$66,587.61"
2026-02-28,4.41,95.79%,73.55%,84,0.00043818,28.57,0.00188451,"$65,201.52"
2026-03-01,3.90,96.25%,69.23%,78,0.00043756,29.15,0.00166155,"$66,619.44"
2026-03-02,4.36,96.24%,65.90%,92,0.00043806,29.5,0.00185715,"$67,342.37"
2026-03-03,3.24,96.14%,49.02%,94,0.00043815,29.76,0.00139417,"$67,921.94"
2026-03-04,2.79,96.62%,33.28%,137,0.00043839,31.09,0.00119100,"$70,918.59"
2026-03-05,1.14,95.33%,16.77%,101,0.00043743,31.54,0.00048612,"$72,102.97"
2026-03-06,1.74,96.05%,27.37%,90,0.00043575,30.37,0.00072788,"$69,695.93"
2026-03-07,4.06,96.41%,61.24%,92,0.00043631,29.6,0.00172415,"$67,841.67"
2026-03-08,3.70,96.55%,55.03%,94,0.00043550,29.24,0.00156996,"$67,141.22"
2026-03-09,2.82,97.03%,43.38%,92,0.00043556,29.62,0.00120774,"$68,004.41"
2026-03-10,2.12,97.04%,34.69%,89,0.00043627,30.64,0.00090134,"$70,231.74"
2026-03-11,3.98,95.83%,50.64%,115,0.00043579,30.54,0.00167981,"$70,079.63"
2026-03-12,3.24,94.83%,42.79%,110,0.00043648,30.56,0.00138731,"$70,014.66"
2026-03-13,2.60,95.23%,35.17%,109,0.00043651,31.3,0.00109660,"$71,705.12"
2026-03-14,3.00,94.86%,40.86%,111,0.00043695,30.92,0.00128915,"$70,763.25"
2026-03-15,1.24,92.55%,18.39%,110,0.00043547,31.19,0.00051612,"$71,623.76"
2026-03-16,3.87,94.42%,51.70%,107,0.00043585,32.11,0.00164196,"$73,672.13"
2026-03-17,3.65,94.94%,50.03%,106,0.00043664,32.48,0.00155279,"$74,386.22"
2026-03-18,4.05,94.94%,55.36%,105,0.00043614,31.75,0.00173129,"$72,797.73"
2026-03-19,2.60,94.96%,36.16%,105,0.00043609,30.64,0.00109526,"$70,260.73"
2026-03-20,3.77,95.34%,53.60%,101,0.00043971,30.93,0.00161140,"$70,341.82"
2026-03-21,2.66,95.40%,38.59%,99,0.00047286,33.36,0.00123655,"$70,549.42"
2026-03-22,2.87,97.36%,27.22%,138,0.00047240,32.47,0.00130778,"$68,734.12"
2026-03-23,4.95,96.23%,49.82%,137,0.00047196,32.86,0.00229044,"$69,624.54"
2026-03-24,1.96,95.99%,29.74%,98,0.00047259,33.25,0.00089319,"$70,356.97"
2026-03-25,5.63,95.84%,66.53%,123,0.00047242,33.58,0.00259219,"$71,080.82"
2026-03-26,4.09,95.40%,52.79%,118,0.00047217,32.89,0.00189369,"$69,657.12"
2026-03-27,4.18,95.43%,58.68%,106,0.00047220,31.72,0.00191393,"$67,174.93"
2026-03-28,4.92,95.70%,68.19%,105,0.00047199,31.38,0.00227359,"$66,484.46"
2026-03-29,3.52,96.14%,49.94%,101,0.00047146,31.36,0.00160382,"$66,516.78"
2026-03-30,4.73,95.57%,62.72%,111,0.00047212,31.69,0.00217467,"$67,122.77"
2026-03-31,5.04,94.84%,65.42%,112,0.00047263,31.84,0.00232194,"$67,367.71"
2026-04-01,3.34,94.57%,45.91%,108,0.00047234,32.28,0.00153787,"$68,340.60"
2026-04-02,4.99,94.96%,66.01%,106,0.00047244,31.55,0.00229700,"$66,780.97"
2026-04-03,4.45,95.14%,62.34%,102,0.00046189,30.86,0.00201412,"$66,812.44"
2026-04-04,5.75,95.76%,57.49%,135,0.00045524,30.55,0.00254623,"$67,107.46"
2026-04-05,4.65,96.11%,51.41%,124,0.00045429,30.53,0.00206445,"$67,203.77"
2026-04-06,3.64,95.77%,55.43%,93,0.00045417,31.52,0.00161272,"$69,401.33"
2026-04-07,3.44,95.81%,52.39%,96,0.00045479,31.32,0.00152589,"$68,866.95"
2026-04-08,3.60,95.85%,54.54%,93,0.00045493,32.55,0.00159411,"$71,549.47"
2026-04-09,4.93,95.75%,74.35%,93,0.00045459,32.47,0.00218647,"$71,427.00"
2026-04-10,3.42,95.74%,51.00%,96,0.00045514,32.95,0.00152436,"$72,395.31"
2026-04-11,3.96,95.68%,61.48%,91,0.00045516,33.23,0.00175446,"$73,007.29"
2026-04-12,2.72,95.65%,48.03%,79,0.00045423,32.45,0.00120204,"$71,439.58"
2026-04-13,3.62,95.13%,58.71%,89,0.00045427,32.59,0.00160391,"$71,741.48"
2026-04-14,3.33,95.10%,59.92%,79,0.00045477,33.9,0.00147605,"$74,543.18"
2026-04-15,3.98,95.21%,70.10%,79,0.00045484,33.8,0.00176442,"$74,311.85"
2026-04-16,3.83,95.09%,66.75%,81,0.00045519,34.02,0.00169949,"$74,738.02"
2026-04-17,3.88,95.17%,62.11%,87,0.00045790,34.89,0.00173391,"$76,195.68"
2026-04-18,3.12,95.25%,54.20%,82,0.00046685,35.69,0.00141824,"$76,448.54"
2026-04-19,2.96,95.11%,52.21%,81,0.00046538,35.04,0.00134392,"$75,293.31"
2026-04-20,3.98,95.43%,66.13%,84,0.00046569,35.04,0.00180872,"$75,243.19"
2026-04-21,2.68,95.50%,42.64%,90,0.00046667,35.43,0.00122868,"$75,920.89"
2026-04-22,2.91,94.91%,46.10%,90,0.00046646,36.47,0.00131256,"$78,184.62"
2026-04-23,4.20,95.03%,71.38%,82,0.00046760,36.45,0.00191691,"$77,951.24"
2026-04-24,3.00,95.01%,53.30%,80,0.00046642,36.31,0.00136593,"$77,848.29"
2026-04-25,3.09,95.77%,57.55%,75,0.00046607,36.15,0.00140339,"$77,563.46"
2026-04-26,4.49,96.11%,77.19%,80,0.00046545,36.3,0.00203519,"$77,989.04"
2026-04-27,2.38,96.56%,43.89%,74,0.00046573,36.2,0.00108854,"$77,727.44"
2026-04-28,1.39,96.34%,26.52%,73,0.00046602,35.66,0.00062232,"$76,520.32"
2026-04-29,4.40,95.88%,78.08%,78,0.00046677,35.72,0.00200367,"$76,525.91"
2026-04-30,2.45,96.28%,38.11%,85,0.00046712,35.56,0.00111969,"$76,126.05"
2026-05-01,0.89,98.92%,32.96%,25,0.00046770,36.31,0.00040731,"$77,635.24"
2026-05-02,0.86,99.22%,45.63%,19,0.00047646,37.34,0.00039712,"$78,369.64"
2026-05-03,0.61,98.94%,39.89%,17,0.00047690,37.46,0.00028778,"$78,548.96"
2026-05-04,0.52,98.70%,28.54%,18,0.00047676,37.99,0.00023873,"$79,683.70"
2026-05-05,0.65,99.32%,12.30%,50,0.00047716,38.67,0.00030630,"$81,042.00"
2026-05-06,0.21,99.82%,14.03%,13,0.00047760,38.96,0.00009781,"$81,574.54"
2026-05-07,0.69,99.73%,34.28%,17,0.00047756,38.5,0.00032232,"$80,618.14"
2026-05-08,0.94,99.74%,28.25%,25,0.00047778,38.18,0.00043420,"$79,911.26"
2026-05-09,1.44,99.81%,55.30%,19,0.00047918,38.57,0.00067432,"$80,491.67"
2026-05-10,1.27,99.74%,63.06%,15,0.00047908,38.8,0.00059123,"$80,988.56"
2026-05-11,1.54,98.03%,37.26%,42,0.00047665,38.75,0.00071626,"$81,296.55"
2026-05-12,2.05,97.61%,69.15%,30,0.00047734,38.58,0.00095247,"$80,822.89"
2026-05-13,1.74,97.55%,64.24%,26,0.00047755,38.33,0.00080971,"$80,263.85"
2026-05-14,1.98,97.41%,75.75%,26,0.00047722,38.32,0.00092006,"$80,298.39"
2026-05-15,1.52,97.20%,55.84%,27,0.00047260,37.85,0.00069787,"$80,088.87"
2026-05-16,1.38,97.02%,44.86%,32,0.00046316,36.31,0.00062171,"$78,396.23"
2026-05-17,1.28,97.32%,46.79%,25,0.00046235,36.11,0.00058228,"$78,101.01"
2026-05-18,0.71,97.50%,19.62%,30,0.00046258,35.55,0.00031401,"$76,851.57"
2026-05-19,1.51,97.47%,23.03%,57,0.00046276,35.54,0.00068001,"$76,800.07"
2026-05-20,2.76,96.93%,40.06%,77,0.00046257,35.72,0.00124125,"$77,220.74"
2026-05-21,1.84,96.55%,49.68%,48,0.00046294,35.9,0.00083230,"$77,547.85"
2026-05-22,0.32,97.76%,8.58%,46,0.00046300,35.62,0.00014674,"$76,933.05"
2026-05-23,1.60,96.68%,39.31%,50,0.00046245,34.88,0.00072534,"$75,424.37"
2026-05-24,1.53,95.95%,43.12%,45,0.00046247,35.47,0.00068383,"$76,696.87"
2026-05-25,2.03,95.99%,34.07%,72,0.00046263,35.76,0.00092369,"$77,297.19"
2026-05-26,1.45,95.58%,43.69%,43,0.00046286,35.42,0.00065035,"$76,524.22"
2026-05-27,1.98,95.86%,62.75%,40,0.00046379,34.93,0.00089386,"$75,314.26"
2026-05-28,0.53,96.86%,16.39%,39,0.00046328,33.99,0.00023780,"$73,368.16"
2026-05-29,2.20,96.73%,64.59%,43,0.00045913,33.73,0.00098554,"$73,465.03"
2026-05-30,1.99,96.60%,65.27%,38,0.00045611,33.59,0.00088385,"$73,644.52"
2026-05-31,2.38,96.66%,86.09%,34,0.00045527,33.58,0.00105672,"$73,758.43"
2026-06-01,2.50,95.64%,54.75%,56,0.00045573,32.94,0.00110887,"$72,279.64"
2026-06-02,1.65,95.83%,42.43%,48,0.00045653,31.46,0.00073586,"$68,911.13"
2026-06-03,0.86,95.54%,26.42%,43,0.00045783,30.37,0.00038713,"$66,334.67"
2026-06-04,1.08,94.47%,46.49%,36,0.00045787,29.07,0.00047871,"$63,489.64"
2026-06-05,2.23,95.03%,69.55%,39,0.00045630,28.23,0.00099177,"$61,867.19"
2026-06-06,1.89,95.16%,62.90%,36,0.00045647,27.74,0.00084591,"$60,770.70"
2026-06-07,0.91,95.07%,33.51%,34,0.00045571,28.24,0.00039810,"$61,969.23"
2026-06-08,1.53,96.83%,34.31%,42,0.00045540,28.83,0.00068211,"$63,306.98"
2026-06-09,0.76,99.64%,27.64%,17,0.00045593,28.43,0.00033425,"$62,356.06"
2026-06-10,1.35,99.50%,46.11%,23,0.00045577,28.06,0.00060478,"$61,566.14"
2026-06-11,1.07,99.53%,27.76%,35,0.00045578,28.63,0.00047380,"$62,815.39"
2026-06-12,1.50,99.68%,25.78%,51,0.00045654,29,0.00066903,"$63,521.27"
2026-06-13,1.12,99.59%,49.29%,20,0.00045609,29.15,0.00049733,"$63,912.82"
2026-06-14,1.61,99.70%,63.21%,22,0.00050626,32.59,0.00079365,"$64,374.04"
2026-06-15,0.86,99.56%,19.48%,39,0.00050637,33.49,0.00041963,"$66,137.41"
2026-06-16,1.66,98.30%,28.31%,61,0.00050686,33.47,0.00082265,"$66,034.01"
2026-06-17,1.89,96.58%,33.42%,69,0.00050672,33.04,0.00092776,"$65,203.66"
2026-06-18,2.47,96.49%,47.05%,63,0.00050686,32.27,0.00122014,"$63,666.50"
2026-06-19,2.06,96.37%,41.24%,63,0.00050671,31.84,0.00101739,"$62,836.73"
2026-06-20,2.49,96.49%,67.23%,44,0.00050623,32.23,0.00123394,"$63,666.71"
2026-06-21,1.14,96.34%,28.71%,48,0.00050609,32.42,0.00055743,"$64,059.75"
2026-06-22,1.85,96.39%,29.10%,76,0.00050608,32.55,0.00091797,"$64,317.89"
2026-06-23,2.75,96.29%,58.66%,57,0.00050633,31.8,0.00135293,"$62,804.89"
2026-06-24,2.60,96.14%,55.33%,57,0.00050635,31.23,0.00127951,"$61,676.71"
2026-06-25,1.42,96.20%,32.56%,55,0.00050653,30.63,0.00070624,"$60,470.26"
2026-06-26,1.70,96.11%,45.66%,48,0.00050665,30.25,0.00083408,"$59,705.91"
2026-06-27,2.27,95.89%,66.63%,42,0.00047530,28.64,0.00105509,"$60,256.68"
2026-06-28,2.74,96.68%,57.47%,57,0.00047209,28.27,0.00125494,"$59,882.65"
2026-06-29,1.16,94.70%,18.55%,90,0.00047264,28.31,0.00053775,"$59,897.60"
2026-06-30,0.66,91.89%,22.97%,47,0.00047362,27.95,0.00030966,"$59,013.56"
2026-07-01,0.64,95.05%,26.49%,38,0.00047363,28.09,0.00029316,"$59,307.90"
2026-07-02,0.69,94.18%,31.62%,36,0.00047357,28.89,0.00032042,"$61,004.71"
2026-07-03,0.35,94.74%,25.39%,21,0.00047371,29.31,0.00016001,"$61,873.30"
2026-07-04,0.77,94.19%,48.78%,24,0.00047248,29.64,0.00035573,"$62,732.81"
2026-07-05,0.59,93.17%,41.49%,22,0.00047208,29.64,0.00026913,"$62,785.97"
2026-07-06,0.42,93.50%,21.13%,31,0.00047258,29.86,0.00019361,"$63,185.07"
2026-07-07,0.91,95.00%,39.71%,34,0.00047445,30.11,0.00041806,"$63,462.96"
2026-07-08,1.00,95.78%,25.55%,59,0.00047286,29.48,0.00046261,"$62,344.03"
2026-07-09,0.44,95.49%,26.66%,26,0.00047257,29.64,0.00020379,"$62,720.87"
2026-07-10,0.48,95.58%,28.95%,24,0.00047317,30.27,0.00022119,"$63,972.78"
2026-07-11,0.56,95.82%,37.31%,22,0.00047662,30.58,0.00026109,"$64,160.13"
2026-07-12,0.33,96.25%,20.65%,21,0.00049679,31.78,0.00016391,"$63,970.69"
2026-07-13,,,,,0.00049679,31.13,,"$62,662.29"
2026-07-14,0.76,96.02%,27.65%,37,0.00049721,31.55,0.00036811,"$63,454.07"
2026-07-15,0.94,95.48%,62.88%,20,0.00049787,32.28,0.00045785,"$64,836.20"
2026-07-16,0.96,95.38%,35.94%,35,0.00049849,32.06,0.00046519,"$64,314.23"
2026-07-17,1.10,95.62%,85.78%,16,0.00049849,31.62,0.00053661,"$63,431.56"
2026-07-18,1.04,95.25%,81.43%,16,0.00049782,31.94,0.00050004,"$64,159.74"
2026-07-19,0.88,95.18%,60.16%,19,0.00049649,32.06,0.00042698,"$64,573.30"
2026-07-20,0.67,93.90%,41.88%,22,0.00049689,32.16,0.00032878,"$64,722.57"
2026-07-21,0.78,95.22%,36.58%,28,0.00049797,32.92,0.00037594,"$66,108.40"
2026-07-22,0.71,96.69%,53.06%,17,0.00049791,32.87,0.00034762,"$66,015.95"
2026-07-23,0.45,97.21%,23.60%,25,0.00049791,32.53,0.00021498,"$65,333.09"
2026-07-24,0.84,95.45%,64.33%,17,0.00049730,32.16,0.00041038,"$64,669.21"
2026-07-25,0.84,94.53%,63.78%,17,0.00049777,31.91,0.00040420,"$64,105.91"
2026-07-26,0.82,94.36%,60.36%,17,0.00050055,32.32,0.00040292,"$64,568.97"
2026-07-27,0.76,94.46%,64.08%,15,0.00050082,32.54,0.00036856,"$64,973.44"
2026-07-28,0.77,94.38%,38.81%,25,0.00050153,31.84,0.00037615,"$63,485.73"
2026-07-29,0.94,94.53%,75.87%,15,0.00050162,32.11,0.00045958,"$64,012.60"
2026-07-30,0.96,94.80%,74.17%,16,0.00050161,32.32,0.00046972,"$64,432.53"
2026-07-31,0.87,95.07%,61.00%,17,0.00050247,31.95,0.00042648,"$63,585.89"
2026-08-01,0.31,95.18%,24.84%,16,0.00050298,31.63,0.00014989,"$62,885.20"
2026-08-02,0.50,95.07%,36.71%,17,0.00050121,31.7,0.00024071,"$63,246.94"
2026-08-03,1.05,95.18%,72.87%,18,0.00050163,31.68,0.00051272,"$63,154.12"
2026-08-04,1.05,95.14%,76.55%,17,0.00050201,32.05,0.00051360,"$63,843.35"
2026-08-05,0.90,95.08%,67.40%,17,0.00050182,32.29,0.00044121,"$64,345.78"
2026-08-06,0.96,95.12%,74.12%,16,0.00050224,32.42,0.00046918,"$64,550.81"
2026-08-07,0.92,98.03%,66.32%,16,0.00050247,32.5,0.00045425,"$64,680.48"
2026-08-08,0.34,99.85%,29.34%,13,0.00050053,32.52,0.00016290,"$64,971.13"
2026-08-09,0.60,99.91%,56.70%,12,0.00049571,32.2,0.00028810,"$64,957.33"
2026-08-10,0.62,99.88%,58.53%,12,0.00049587,32.04,0.00030139,"$64,613.71"
2026-08-11,0.64,99.72%,22.81%,33,0.00049667,31.72,0.00030948,"$63,865.34"
2026-08-12,0.68,99.78%,31.42%,24,0.00049759,31.67,0.00032655,"$63,646.78"
2026-08-13,0.48,99.83%,22.38%,26,0.00049769,31.61,0.00023231,"$63,513.43"
2026-08-14,0.68,99.92%,49.42%,17,0.00049650,31.27,0.00032805,"$62,980.87"
2026-08-15,0.50,98.83%,43.72%,14,0.00049624,31.26,0.00024127,"$62,993.71"
2026-08-16,0.59,97.79%,46.43%,16,0.00049535,31.21,0.00028423,"$63,005.96"
2026-08-17,0.76,94.26%,61.09%,16,0.00049553,31.56,0.00036290,"$63,689.38"
2026-08-18,0.78,94.36%,60.58%,16,0.00049606,31.94,0.00037924,"$64,387.37"
2026-08-19,0.70,94.52%,58.83%,15,0.00049670,32.8,0.00033739,"$66,035.84"
2026-08-20,0.89,94.60%,60.60%,18,0.00049754,35.46,0.00043199,"$71,270.65"
2026-08-21,0.68,97.41%,49.53%,17,0.00049836,38.19,0.00033229,"$76,631.35"
2026-08-22,0.91,99.86%,73.70%,14,0.00049780,38.53,0.00043930,"$77,400.56"
2026-08-23,0.71,99.92%,46.66%,18,0.00050239,38.71,0.00034691,"$77,051.69"
2026-08-24,0.22,99.83%,16.30%,16,0.00050277,39.3,0.00011169,"$78,166.96"
2026-08-25,0.59,99.90%,33.58%,21,0.00050320,39.99,0.00028678,"$79,471.38"
2026-08-26,0.55,99.84%,49.29%,14,0.00050313,39.55,0.00027070,"$78,607.91"
2026-08-27,0.67,99.87%,29.54%,29,0.00050285,40.02,0.00032702,"$79,586.36"
2026-08-28,0.65,99.78%,30.66%,28,0.00050342,39.78,0.00031683,"$79,019.51"
2026-08-29,0.70,99.83%,76.43%,13,0.00050333,39.17,0.00034129,"$77,821.71"
2026-08-30,0.58,99.86%,64.16%,13,0.00050190,39.36,0.00028376,"$78,422.00"
2026-08-31,0.54,99.91%,75.53%,10,0.00050228,39.33,0.00026260,"$78,302.94"
2026-09-01,0.35,99.94%,34.12%,14,0.00050276,39.21,0.00016951,"$77,989.50"
2026-09-02,0.40,91.76%,54.03%,11,0.00050324,38.83,0.00019618,"$77,160.00"
2026-09-03,0.35,89.09%,80.95%,7,0.00050301,39.79,0.00017201,"$79,103.80"
2026-09-04,0.38,88.21%,81.96%,8,0.00050296,40.4,0.00018571,"$80,324.48"
2026-09-05,0.39,88.90%,79.14%,9,0.00050243,40.06,0.00019067,"$79,732.50"
2026-09-06,0.36,86.94%,73.61%,9,0.00049550,39.58,0.00017321,"$79,878.91"
2026-09-07,0.23,85.23%,12.14%,37,0.00049553,39.36,0.00011103,"$79,430.11"
2026-09-08,0.28,86.64%,73.35%,7,0.00049616,39,0.00013517,"$78,603.68"
2026-09-09,0.27,87.01%,12.64%,40,0.00049682,39.16,0.00013220,"$78,821.30"
2026-09-10,0.31,85.21%,19.90%,29,0.00049647,38.55,0.00015002,"$77,648.20"
2026-09-11,0.20,83.93%,65.83%,6,0.00049640,38.38,0.00009917,"$77,316.68"
2026-09-12,0.17,92.05%,61.56%,5,0.00049580,38.31,0.00008094,"$77,269.06"
2026-09-13,0.16,99.85%,82.31%,3,0.00049553,38.19,0.00007854,"$77,069.00"
2026-09-14,0.16,99.68%,9.06%,32,0.00049574,38.7,0.00007589,"$78,065.11"
2026-09-15,0.11,99.84%,32.50%,6,0.00049594,38.08,0.00005223,"$76,783.48"
2026-09-16,0.11,99.91%,45.28%,4,0.00049626,37.61,0.00005490,"$75,786.89"
2026-09-17,,,,,0.00049668,37.97,,"$76,447.61"
